{
  "name": "cms_backend",
  "version": "1.0.0",
  "lockfileVersion": 1,
  "requires": true ,
  "dependencies": {
    "@apidevtools/json-schema-ref-parser": {
      "version": "9.0.6",
      "resolved": "https://registry.npmjs.org/@apidevtools/json-schema-ref-parser/-/json-schema-ref-parser-9.0.6.tgz",
      "integrity": "sha512-M3YgsLjI0lZxvrpeGVk9Ap032W6TPQkH6pRAZz81Ac3WUNF79VQooAFnp8umjvVzUmD93NkogxEwbSce7qMsUg==",
      "requires": {
        "@jsdevtools/ono": "^7.1.3",
        "call-me-maybe": "^1.0.1",
        "js-yaml": "^3.13.1"
      }
    },
    "@apidevtools/openapi-schemas": {
      "version": "2.0.4",
      "resolved": "https://registry.npmjs.org/@apidevtools/openapi-schemas/-/openapi-schemas-2.0.4.tgz",
      "integrity": "sha512-ob5c4UiaMYkb24pNhvfSABShAwpREvUGCkqjiz/BX9gKZ32y/S22M+ALIHftTAuv9KsFVSpVdIDzi9ZzFh5TCA=="
    },
    "@apidevtools/swagger-methods": {
      "version": "3.0.2",
      "resolved": "https://registry.npmjs.org/@apidevtools/swagger-methods/-/swagger-methods-3.0.2.tgz",
      "integrity": "sha512-QAkD5kK2b1WfjDS/UQn/qQkbwF31uqRjPTrsCs5ZG9BQGAkjwvqGFjjPqAuzac/IYzpPtRzjCP1WrTuAIjMrXg=="
    },
    "@apidevtools/swagger-parser": {
      "version": "10.0.2",
      "resolved": "https://registry.npmjs.org/@apidevtools/swagger-parser/-/swagger-parser-10.0.2.tgz",
      "integrity": "sha512-JFxcEyp8RlNHgBCE98nwuTkZT6eNFPc1aosWV6wPcQph72TSEEu1k3baJD4/x1qznU+JiDdz8F5pTwabZh+Dhg==",
      "requires": {
        "@apidevtools/json-schema-ref-parser": "^9.0.6",
        "@apidevtools/openapi-schemas": "^2.0.4",
        "@apidevtools/swagger-methods": "^3.0.2",
        "@jsdevtools/ono": "^7.1.3",
        "call-me-maybe": "^1.0.1",
        "z-schema": "^4.2.3"
      }
    },
    "@jsdevtools/ono": {
      "version": "7.1.3",
      "resolved": "https://registry.npmjs.org/@jsdevtools/ono/-/ono-7.1.3.tgz",
      "integrity": "sha512-4JQNk+3mVzK3xh2rqd6RB4J46qUR19azEHBneZyTZM+c456qOrbbM/5xcR8huNCCcbVt7+UmizG6GuUvPvKUYg=="
    },
    "accepts": {
      "version": "1.3.7",
      "resolved": "https://registry.npmjs.org/accepts/-/accepts-1.3.7.tgz",
      "integrity": "sha512-Il80Qs2WjYlJIBNzNkK6KYqlVMTbZLXgHx2oT0pU/fjRHyEp+PEfEPY0R3WCwAGVOtauxh1hOxNgIf5bv7dQpA==",
      "requires": {
        "mime-types": "~2.1.24",
        "negotiator": "0.6.2"
      }
    },
    "argparse": {
      "version": "1.0.10",
      "resolved": "https://registry.npmjs.org/argparse/-/argparse-1.0.10.tgz",
      "integrity": "sha512-o5Roy6tNG4SL/FOkCAN6RzjiakZS25RLYFrcMttJqbdd8BWrnA+fGz57iN5Pb06pvBGvl5gQ0B48dJlslXvoTg==",
      "requires": {
        "sprintf-js": "~1.0.2"
      }
    },
    "array-flatten": {
      "version": "1.1.1",
      "resolved": "https://registry.npmjs.org/array-flatten/-/array-flatten-1.1.1.tgz",
      "integrity": "sha1-ml9pkFGx5wczKPKgCJaLZOopVdI="
    },
    "balanced-match": {
      "version": "1.0.0",
      "resolved": "https://registry.npmjs.org/balanced-match/-/balanced-match-1.0.0.tgz",
      "integrity": "sha1-ibTRmasr7kneFk6gK4nORi1xt2c="
    },
    "babel-plugin-add-module-exports": {
      "version": "0.2.1",
      "resolved": "https://registry.npmjs.org/babel-plugin-add-module-exports/-/babel-plugin-add-module-exports-0.2.1.tgz",
      "integrity": "sha1-mumh9KjcZ/DN7E9K7aHkOl/2XiU="
    },
    "bignumber.js": {
      "version": "9.0.0",
      "resolved": "https://registry.npmjs.org/bignumber.js/-/bignumber.js-9.0.0.tgz",
      "integrity": "sha512-t/OYhhJ2SD+YGBQcjY8GzzDHEk9f3nerxjtfa6tlMXfe7frs/WozhvCNoGvpM0P3bNf3Gq5ZRMlGr5f3r4/N8A=="
    },
    "body-parser": {
      "version": "1.19.0",
      "resolved": "https://registry.npmjs.org/body-parser/-/body-parser-1.19.0.tgz",
      "integrity": "sha512-dhEPs72UPbDnAQJ9ZKMNTP6ptJaionhP5cBb541nXPlW60Jepo9RV/a4fX4XWW9CuFNK22krhrj1+rgzifNCsw==",
      "requires": {
        "bytes": "3.1.0",
        "content-type": "~1.0.4",
        "debug": "2.6.9",
        "depd": "~1.1.2",
        "http-errors": "1.7.2",
        "iconv-lite": "0.4.24",
        "on-finished": "~2.3.0",
        "qs": "6.7.0",
        "raw-body": "2.4.0",
        "type-is": "~1.6.17"
      }
    },
    "brace-expansion": {
      "version": "1.1.11",
      "resolved": "https://registry.npmjs.org/brace-expansion/-/brace-expansion-1.1.11.tgz",
      "integrity": "sha512-iCuPHDFgrHX7H2vEI/5xpz07zSHB00TpugqhmYtVmMO6518mCuRMoOYFldEBl0g187ufozdaHgWKcYFb61qGiA==",
      "requires": {
        "balanced-match": "^1.0.0",
        "concat-map": "0.0.1"
      }
    },
    "buffer-equal-constant-time": {
      "version": "1.0.1",
      "resolved": "https://registry.npmjs.org/buffer-equal-constant-time/-/buffer-equal-constant-time-1.0.1.tgz",
      "integrity": "sha1-+OcRMvf/5uAaXJaXpMbz5I1cyBk="
    },
    "bytes": {
      "version": "3.1.0",
      "resolved": "https://registry.npmjs.org/bytes/-/bytes-3.1.0.tgz",
      "integrity": "sha512-zauLjrfCG+xvoyaqLoV8bLVXXNGC4JqlxFCutSDWA6fJrTo2ZuvLYTqZ7aHBLZSMOopbzwv8f+wZcVzfVTI2Dg=="
    },
    "call-me-maybe": {
      "version": "1.0.1",
      "resolved": "https://registry.npmjs.org/call-me-maybe/-/call-me-maybe-1.0.1.tgz",
      "integrity": "sha1-JtII6onje1y95gJQoV8DHBak1ms="
    },
    "commander": {
      "version": "6.2.0",
      "resolved": "https://registry.npmjs.org/commander/-/commander-6.2.0.tgz",
      "integrity": "sha512-zP4jEKbe8SHzKJYQmq8Y9gYjtO/POJLgIdKgV7B9qNmABVFVc+ctqSX6iXh4mCpJfRBOabiZ2YKPg8ciDw6C+Q=="
    },
    "concat-map": {
      "version": "0.0.1",
      "resolved": "https://registry.npmjs.org/concat-map/-/concat-map-0.0.1.tgz",
      "integrity": "sha1-2Klr13/Wjfd5OnMDajug1UBdR3s="
    },
    "content-disposition": {
      "version": "0.5.3",
      "resolved": "https://registry.npmjs.org/content-disposition/-/content-disposition-0.5.3.tgz",
      "integrity": "sha512-ExO0774ikEObIAEV9kDo50o+79VCUdEB6n6lzKgGwupcVeRlhrj3qGAfwq8G6uBJjkqLrhT0qEYFcWng8z1z0g==",
      "requires": {
        "safe-buffer": "5.1.2"
      }
    },
    "content-type": {
      "version": "1.0.4",
      "resolved": "https://registry.npmjs.org/content-type/-/content-type-1.0.4.tgz",
      "integrity": "sha512-hIP3EEPs8tB9AT1L+NUqtwOAps4mk2Zob89MWXMHjHWg9milF/j4osnnQLXBCBFBk/tvIG/tUc9mOUJiPBhPXA=="
    },
    "cookie": {
      "version": "0.4.0",
      "resolved": "https://registry.npmjs.org/cookie/-/cookie-0.4.0.tgz",
      "integrity": "sha512-+Hp8fLp57wnUSt0tY0tHEXh4voZRDnoIrZPqlo3DPiI4y9lwg/jqx+1Om94/W6ZaPDOUbnjOt/99w66zk+l1Xg=="
    },
    "cookie-signature": {
      "version": "1.0.6",
      "resolved": "https://registry.npmjs.org/cookie-signature/-/cookie-signature-1.0.6.tgz",
      "integrity": "sha1-4wOogrNCzD7oylE6eZmXNNqzriw="
    },
    "core-util-is": {
      "version": "1.0.2",
      "resolved": "https://registry.npmjs.org/core-util-is/-/core-util-is-1.0.2.tgz",
      "integrity": "sha1-tf1UIgqivFq1eqtxQMlAdUUDwac="
    },
    "cors": {
      "version": "2.8.5",
      "resolved": "https://registry.npmjs.org/cors/-/cors-2.8.5.tgz",
      "integrity": "sha512-KIHbLJqu73RGr/hnbrO9uBeixNGuvSQjul/jdFvS/KFSIH1hWVd1ng7zOHx+YrEfInLG7q4n6GHQ9cDtxv/P6g==",
      "requires": {
        "object-assign": "^4",
        "vary": "^1"
      }
    },
    "cross-spawn": {
      "version": "5.1.0",
      "resolved": "https://registry.npmjs.org/cross-spawn/-/cross-spawn-5.1.0.tgz",
      "integrity": "sha1-6L0O/uWPz/b4+UUQoKVUu/ojVEk=",
      "requires": {
        "lru-cache": "^4.0.1",
        "shebang-command": "^1.2.0",
        "which": "^1.2.9"
      }
    },
    "current-git-branch": {
      "version": "1.1.0",
      "resolved": "https://registry.npmjs.org/current-git-branch/-/current-git-branch-1.1.0.tgz",
      "integrity": "sha512-n5mwGZllLsFzxDPtTmadqGe4IIBPfqPbiIRX4xgFR9VK/Bx47U+94KiVkxSKAKN6/s43TlkztS2GZpgMKzwQ8A==",
      "requires": {
        "babel-plugin-add-module-exports": "^0.2.1",
        "execa": "^0.6.1",
        "is-git-repository": "^1.0.0"
      }
    },
    "debug": {
      "version": "2.6.9",
      "resolved": "https://registry.npmjs.org/debug/-/debug-2.6.9.tgz",
      "integrity": "sha512-bC7ElrdJaJnPbAP+1EotYvqZsb3ecl5wi6Bfi6BJTUcNowp6cvspg0jXznRTKDjm/E7AdgFBVeAPVMNcKGsHMA==",
      "requires": {
        "ms": "2.0.0"
      }
    },
    "depd": {
      "version": "1.1.2",
      "resolved": "https://registry.npmjs.org/depd/-/depd-1.1.2.tgz",
      "integrity": "sha1-m81S4UwJd2PnSbJ0xDRu0uVgtak="
    },
    "destroy": {
      "version": "1.0.4",
      "resolved": "https://registry.npmjs.org/destroy/-/destroy-1.0.4.tgz",
      "integrity": "sha1-l4hXRCxEdJ5CBmE+N5RiBYJqvYA="
    },
    "doctrine": {
      "version": "3.0.0",
      "resolved": "https://registry.npmjs.org/doctrine/-/doctrine-3.0.0.tgz",
      "integrity": "sha512-yS+Q5i3hBf7GBkd4KG8a7eBNNWNGLTaEwwYWUijIYM7zrlYDM0BFXHjjPWlWZ1Rg7UaddZeIDmi9jF3HmqiQ2w==",
      "requires": {
        "esutils": "^2.0.2"
      }
    },
    "ecdsa-sig-formatter": {
      "version": "1.0.11",
      "resolved": "https://registry.npmjs.org/ecdsa-sig-formatter/-/ecdsa-sig-formatter-1.0.11.tgz",
      "integrity": "sha512-nagl3RYrbNv6kQkeJIpt6NJZy8twLB/2vtz6yN9Z4vRKHN4/QZJIEbqohALSgwKdnksuY3k5Addp5lg8sVoVcQ==",
      "requires": {
        "safe-buffer": "^5.0.1"
      }
    },
    "ee-first": {
      "version": "1.1.1",
      "resolved": "https://registry.npmjs.org/ee-first/-/ee-first-1.1.1.tgz",
      "integrity": "sha1-WQxhFWsK4vTwJVcyoViyZrxWsh0="
    },
    "encodeurl": {
      "version": "1.0.2",
      "resolved": "https://registry.npmjs.org/encodeurl/-/encodeurl-1.0.2.tgz",
      "integrity": "sha1-rT/0yG7C0CkyL1oCw6mmBslbP1k="
    },
    "escape-html": {
      "version": "1.0.3",
      "resolved": "https://registry.npmjs.org/escape-html/-/escape-html-1.0.3.tgz",
      "integrity": "sha1-Aljq5NPQwJdN4cFpGI7wBR0dGYg="
    },
    "esprima": {
      "version": "4.0.1",
      "resolved": "https://registry.npmjs.org/esprima/-/esprima-4.0.1.tgz",
      "integrity": "sha512-eGuFFw7Upda+g4p+QHvnW0RyTX/SVeJBDM/gCtMARO0cLuT2HcEKnTPvhjV6aGeqrCB/sbNop0Kszm0jsaWU4A=="
    },
    "esutils": {
      "version": "2.0.3",
      "resolved": "https://registry.npmjs.org/esutils/-/esutils-2.0.3.tgz",
      "integrity": "sha512-kVscqXk4OCp68SZ0dkgEKVi6/8ij300KBWTJq32P/dYeWTSwK41WyTxalN1eRmA5Z9UU/LX9D7FWSmV9SAYx6g=="
    },
    "etag": {
      "version": "1.8.1",
      "resolved": "https://registry.npmjs.org/etag/-/etag-1.8.1.tgz",
      "integrity": "sha1-Qa4u62XvpiJorr/qg6x9eSmbCIc="
    },
    "execa": {
      "version": "0.6.3",
      "resolved": "https://registry.npmjs.org/execa/-/execa-0.6.3.tgz",
      "integrity": "sha1-V7aaWU8IF1nGnlNw8NF7nLEWWP4=",
      "requires": {
        "cross-spawn": "^5.0.1",
        "get-stream": "^3.0.0",
        "is-stream": "^1.1.0",
        "npm-run-path": "^2.0.0",
        "p-finally": "^1.0.0",
        "signal-exit": "^3.0.0",
        "strip-eof": "^1.0.0"
      }
    },
    "express": {
      "version": "4.17.1",
      "resolved": "https://registry.npmjs.org/express/-/express-4.17.1.tgz",
      "integrity": "sha512-mHJ9O79RqluphRrcw2X/GTh3k9tVv8YcoyY4Kkh4WDMUYKRZUq0h1o0w2rrrxBqM7VoeUVqgb27xlEMXTnYt4g==",
      "requires": {
        "accepts": "~1.3.7",
        "array-flatten": "1.1.1",
        "body-parser": "1.19.0",
        "content-disposition": "0.5.3",
        "content-type": "~1.0.4",
        "cookie": "0.4.0",
        "cookie-signature": "1.0.6",
        "debug": "2.6.9",
        "depd": "~1.1.2",
        "encodeurl": "~1.0.2",
        "escape-html": "~1.0.3",
        "etag": "~1.8.1",
        "finalhandler": "~1.1.2",
        "fresh": "0.5.2",
        "merge-descriptors": "1.0.1",
        "methods": "~1.1.2",
        "on-finished": "~2.3.0",
        "parseurl": "~1.3.3",
        "path-to-regexp": "0.1.7",
        "proxy-addr": "~2.0.5",
        "qs": "6.7.0",
        "range-parser": "~1.2.1",
        "safe-buffer": "5.1.2",
        "send": "0.17.1",
        "serve-static": "1.14.1",
        "setprototypeof": "1.1.1",
        "statuses": "~1.5.0",
        "type-is": "~1.6.18",
        "utils-merge": "1.0.1",
        "vary": "~1.1.2"
      }
    },
    "finalhandler": {
      "version": "1.1.2",
      "resolved": "https://registry.npmjs.org/finalhandler/-/finalhandler-1.1.2.tgz",
      "integrity": "sha512-aAWcW57uxVNrQZqFXjITpW3sIUQmHGG3qSb9mUah9MgMC4NeWhNOlNjXEYq3HjRAvL6arUviZGGJsBg6z0zsWA==",
      "requires": {
        "debug": "2.6.9",
        "encodeurl": "~1.0.2",
        "escape-html": "~1.0.3",
        "on-finished": "~2.3.0",
        "parseurl": "~1.3.3",
        "statuses": "~1.5.0",
        "unpipe": "~1.0.0"
      }
    },
    "forwarded": {
      "version": "0.1.2",
      "resolved": "https://registry.npmjs.org/forwarded/-/forwarded-0.1.2.tgz",
      "integrity": "sha1-mMI9qxF1ZXuMBXPozszZGw/xjIQ="
    },
    "fresh": {
      "version": "0.5.2",
      "resolved": "https://registry.npmjs.org/fresh/-/fresh-0.5.2.tgz",
      "integrity": "sha1-PYyt2Q2XZWn6g1qx+OSyOhBWBac="
    },
<<<<<<< Updated upstream
<<<<<<< Updated upstream
    "fs.realpath": {
      "version": "1.0.0",
      "resolved": "https://registry.npmjs.org/fs.realpath/-/fs.realpath-1.0.0.tgz",
      "integrity": "sha1-FQStJSMVjKpA20onh8sBQRmU6k8="
    },
    "glob": {
      "version": "7.1.6",
      "resolved": "https://registry.npmjs.org/glob/-/glob-7.1.6.tgz",
      "integrity": "sha512-LwaxwyZ72Lk7vZINtNNrywX0ZuLyStrdDtabefZKAY5ZGJhVtgdznluResxNmPitE0SAO+O26sWTHeKSI2wMBA==",
      "requires": {
        "fs.realpath": "^1.0.0",
        "inflight": "^1.0.4",
        "inherits": "2",
        "minimatch": "^3.0.4",
        "once": "^1.3.0",
        "path-is-absolute": "^1.0.0"
      }
=======
=======
>>>>>>> Stashed changes
    "get-stream": {
      "version": "3.0.0",
      "resolved": "https://registry.npmjs.org/get-stream/-/get-stream-3.0.0.tgz",
      "integrity": "sha1-jpQ9E1jcN1VQVOy+LtsFqhdO3hQ="
<<<<<<< Updated upstream
>>>>>>> Stashed changes
=======
>>>>>>> Stashed changes
    },
    "http-errors": {
      "version": "1.7.2",
      "resolved": "https://registry.npmjs.org/http-errors/-/http-errors-1.7.2.tgz",
      "integrity": "sha512-uUQBt3H/cSIVfch6i1EuPNy/YsRSOUBXTVfZ+yR7Zjez3qjBz6i9+i4zjNaoqcoFVI4lQJ5plg63TvGfRSDCRg==",
      "requires": {
        "depd": "~1.1.2",
        "inherits": "2.0.3",
        "setprototypeof": "1.1.1",
        "statuses": ">= 1.5.0 < 2",
        "toidentifier": "1.0.0"
      }
    },
    "iconv-lite": {
      "version": "0.4.24",
      "resolved": "https://registry.npmjs.org/iconv-lite/-/iconv-lite-0.4.24.tgz",
      "integrity": "sha512-v3MXnZAcvnywkTUEZomIActle7RXXeedOR31wwl7VlyoXO4Qi9arvSenNQWne1TcRwhCL1HwLI21bEqdpj8/rA==",
      "requires": {
        "safer-buffer": ">= 2.1.2 < 3"
      }
    },
    "inflight": {
      "version": "1.0.6",
      "resolved": "https://registry.npmjs.org/inflight/-/inflight-1.0.6.tgz",
      "integrity": "sha1-Sb1jMdfQLQwJvJEKEHW6gWW1bfk=",
      "requires": {
        "once": "^1.3.0",
        "wrappy": "1"
      }
    },
    "inherits": {
      "version": "2.0.3",
      "resolved": "https://registry.npmjs.org/inherits/-/inherits-2.0.3.tgz",
      "integrity": "sha1-Yzwsg+PaQqUC9SRmAiSA9CCCYd4="
    },
    "ipaddr.js": {
      "version": "1.9.1",
      "resolved": "https://registry.npmjs.org/ipaddr.js/-/ipaddr.js-1.9.1.tgz",
      "integrity": "sha512-0KI/607xoxSToH7GjN1FfSbLoU0+btTicjsQSWQlh/hZykN8KpmMf7uYwPW3R+akZ6R/w18ZlXSHBYXiYUPO3g=="
    },
    "is-git-repository": {
      "version": "1.1.1",
      "resolved": "https://registry.npmjs.org/is-git-repository/-/is-git-repository-1.1.1.tgz",
      "integrity": "sha1-xo5LeoBkIjSarsSIlzqQVY1+m+A=",
      "requires": {
        "execa": "^0.6.1",
        "path-is-absolute": "^1.0.1"
      }
    },
    "is-stream": {
      "version": "1.1.0",
      "resolved": "https://registry.npmjs.org/is-stream/-/is-stream-1.1.0.tgz",
      "integrity": "sha1-EtSj3U5o4Lec6428hBc66A2RykQ="
    },
    "isarray": {
      "version": "1.0.0",
      "resolved": "https://registry.npmjs.org/isarray/-/isarray-1.0.0.tgz",
      "integrity": "sha1-u5NdSFgsuhaMBoNJV6VKPgcSTxE="
    },
<<<<<<< Updated upstream
<<<<<<< Updated upstream
    "js-yaml": {
      "version": "3.14.0",
      "resolved": "https://registry.npmjs.org/js-yaml/-/js-yaml-3.14.0.tgz",
      "integrity": "sha512-/4IbIeHcD9VMHFqDR/gQ7EdZdLimOvW2DdcxFjdyyZ9NsbS+ccrXqVWDtab/lRl5AlUqmpBx8EhPaWR+OtY17A==",
      "requires": {
        "argparse": "^1.0.7",
        "esprima": "^4.0.0"
      }
=======
=======
>>>>>>> Stashed changes
    "isexe": {
      "version": "2.0.0",
      "resolved": "https://registry.npmjs.org/isexe/-/isexe-2.0.0.tgz",
      "integrity": "sha1-6PvzdNxVb/iUehDcsFctYz8s+hA="
<<<<<<< Updated upstream
>>>>>>> Stashed changes
=======
>>>>>>> Stashed changes
    },
    "jsonwebtoken": {
      "version": "8.5.1",
      "resolved": "https://registry.npmjs.org/jsonwebtoken/-/jsonwebtoken-8.5.1.tgz",
      "integrity": "sha512-XjwVfRS6jTMsqYs0EsuJ4LGxXV14zQybNd4L2r0UvbVnSF9Af8x7p5MzbJ90Ioz/9TI41/hTCvznF/loiSzn8w==",
      "requires": {
        "jws": "^3.2.2",
        "lodash.includes": "^4.3.0",
        "lodash.isboolean": "^3.0.3",
        "lodash.isinteger": "^4.0.4",
        "lodash.isnumber": "^3.0.3",
        "lodash.isplainobject": "^4.0.6",
        "lodash.isstring": "^4.0.1",
        "lodash.once": "^4.0.0",
        "ms": "^2.1.1",
        "semver": "^5.6.0"
      },
      "dependencies": {
        "ms": {
          "version": "2.1.2",
          "resolved": "https://registry.npmjs.org/ms/-/ms-2.1.2.tgz",
          "integrity": "sha512-sGkPx+VjMtmA6MX27oA4FBFELFCZZ4S4XqeGOXCv68tT+jb3vk/RyaKWP0PTKyWtmLSM0b+adUTEvbs1PEaH2w=="
        }
      }
    },
    "jwa": {
      "version": "1.4.1",
      "resolved": "https://registry.npmjs.org/jwa/-/jwa-1.4.1.tgz",
      "integrity": "sha512-qiLX/xhEEFKUAJ6FiBMbes3w9ATzyk5W7Hvzpa/SLYdxNtng+gcurvrI7TbACjIXlsJyr05/S1oUhZrc63evQA==",
      "requires": {
        "buffer-equal-constant-time": "1.0.1",
        "ecdsa-sig-formatter": "1.0.11",
        "safe-buffer": "^5.0.1"
      }
    },
    "jws": {
      "version": "3.2.2",
      "resolved": "https://registry.npmjs.org/jws/-/jws-3.2.2.tgz",
      "integrity": "sha512-YHlZCB6lMTllWDtSPHz/ZXTsi8S00usEV6v1tjq8tOUZzw7DpSDWVXjXDre6ed1w/pd495ODpHZYSdkRTsa0HA==",
      "requires": {
        "jwa": "^1.4.1",
        "safe-buffer": "^5.0.1"
      }
    },
    "lodash.get": {
      "version": "4.4.2",
      "resolved": "https://registry.npmjs.org/lodash.get/-/lodash.get-4.4.2.tgz",
      "integrity": "sha1-LRd/ZS+jHpObRDjVNBSZ36OCXpk="
    },
    "lodash.includes": {
      "version": "4.3.0",
      "resolved": "https://registry.npmjs.org/lodash.includes/-/lodash.includes-4.3.0.tgz",
      "integrity": "sha1-YLuYqHy5I8aMoeUTJUgzFISfVT8="
    },
    "lodash.isboolean": {
      "version": "3.0.3",
      "resolved": "https://registry.npmjs.org/lodash.isboolean/-/lodash.isboolean-3.0.3.tgz",
      "integrity": "sha1-bC4XHbKiV82WgC/UOwGyDV9YcPY="
    },
    "lodash.isequal": {
      "version": "4.5.0",
      "resolved": "https://registry.npmjs.org/lodash.isequal/-/lodash.isequal-4.5.0.tgz",
      "integrity": "sha1-QVxEePK8wwEgwizhDtMib30+GOA="
    },
    "lodash.isinteger": {
      "version": "4.0.4",
      "resolved": "https://registry.npmjs.org/lodash.isinteger/-/lodash.isinteger-4.0.4.tgz",
      "integrity": "sha1-YZwK89A/iwTDH1iChAt3sRzWg0M="
    },
    "lodash.isnumber": {
      "version": "3.0.3",
      "resolved": "https://registry.npmjs.org/lodash.isnumber/-/lodash.isnumber-3.0.3.tgz",
      "integrity": "sha1-POdoEMWSjQM1IwGsKHMX8RwLH/w="
    },
    "lodash.isplainobject": {
      "version": "4.0.6",
      "resolved": "https://registry.npmjs.org/lodash.isplainobject/-/lodash.isplainobject-4.0.6.tgz",
      "integrity": "sha1-fFJqUtibRcRcxpC4gWO+BJf1UMs="
    },
    "lodash.isstring": {
      "version": "4.0.1",
      "resolved": "https://registry.npmjs.org/lodash.isstring/-/lodash.isstring-4.0.1.tgz",
      "integrity": "sha1-1SfftUVuynzJu5XV2ur4i6VKVFE="
    },
    "lodash.once": {
      "version": "4.1.1",
      "resolved": "https://registry.npmjs.org/lodash.once/-/lodash.once-4.1.1.tgz",
      "integrity": "sha1-DdOXEhPHxW34gJd9UEyI+0cal6w="
    },
    "lru-cache": {
      "version": "4.1.5",
      "resolved": "https://registry.npmjs.org/lru-cache/-/lru-cache-4.1.5.tgz",
      "integrity": "sha512-sWZlbEP2OsHNkXrMl5GYk/jKk70MBng6UU4YI/qGDYbgf6YbP4EvmqISbXCoJiRKs+1bSpFHVgQxvJ17F2li5g==",
      "requires": {
        "pseudomap": "^1.0.2",
        "yallist": "^2.1.2"
      }
    },
    "media-typer": {
      "version": "0.3.0",
      "resolved": "https://registry.npmjs.org/media-typer/-/media-typer-0.3.0.tgz",
      "integrity": "sha1-hxDXrwqmJvj/+hzgAWhUUmMlV0g="
    },
    "merge-descriptors": {
      "version": "1.0.1",
      "resolved": "https://registry.npmjs.org/merge-descriptors/-/merge-descriptors-1.0.1.tgz",
      "integrity": "sha1-sAqqVW3YtEVoFQ7J0blT8/kMu2E="
    },
    "methods": {
      "version": "1.1.2",
      "resolved": "https://registry.npmjs.org/methods/-/methods-1.1.2.tgz",
      "integrity": "sha1-VSmk1nZUE07cxSZmVoNbD4Ua/O4="
    },
    "mime": {
      "version": "1.6.0",
      "resolved": "https://registry.npmjs.org/mime/-/mime-1.6.0.tgz",
      "integrity": "sha512-x0Vn8spI+wuJ1O6S7gnbaQg8Pxh4NNHb7KSINmEWKiPE4RKOplvijn+NkmYmmRgP68mc70j2EbeTFRsrswaQeg=="
    },
    "mime-db": {
      "version": "1.44.0",
      "resolved": "https://registry.npmjs.org/mime-db/-/mime-db-1.44.0.tgz",
      "integrity": "sha512-/NOTfLrsPBVeH7YtFPgsVWveuL+4SjjYxaQ1xtM1KMFj7HdxlBlxeyNLzhyJVx7r4rZGJAZ/6lkKCitSc/Nmpg=="
    },
    "mime-types": {
      "version": "2.1.27",
      "resolved": "https://registry.npmjs.org/mime-types/-/mime-types-2.1.27.tgz",
      "integrity": "sha512-JIhqnCasI9yD+SsmkquHBxTSEuZdQX5BuQnS2Vc7puQQQ+8yiP5AY5uWhpdv4YL4VM5c6iliiYWPgJ/nJQLp7w==",
      "requires": {
        "mime-db": "1.44.0"
      }
    },
    "minimatch": {
      "version": "3.0.4",
      "resolved": "https://registry.npmjs.org/minimatch/-/minimatch-3.0.4.tgz",
      "integrity": "sha512-yJHVQEhyqPLUTgt9B83PXu6W3rx4MvvHvSUvToogpwoGDOUQ+yDrR0HRot+yOCdCO7u4hX3pWft6kWBBcqh0UA==",
      "requires": {
        "brace-expansion": "^1.1.7"
      }
    },
    "ms": {
      "version": "2.0.0",
      "resolved": "https://registry.npmjs.org/ms/-/ms-2.0.0.tgz",
      "integrity": "sha1-VgiurfwAvmwpAd9fmGF4jeDVl8g="
    },
    "mysql": {
      "version": "2.18.1",
      "resolved": "https://registry.npmjs.org/mysql/-/mysql-2.18.1.tgz",
      "integrity": "sha512-Bca+gk2YWmqp2Uf6k5NFEurwY/0td0cpebAucFpY/3jhrwrVGuxU2uQFCHjU19SJfje0yQvi+rVWdq78hR5lig==",
      "requires": {
        "bignumber.js": "9.0.0",
        "readable-stream": "2.3.7",
        "safe-buffer": "5.1.2",
        "sqlstring": "2.3.1"
      }
    },
    "negotiator": {
      "version": "0.6.2",
      "resolved": "https://registry.npmjs.org/negotiator/-/negotiator-0.6.2.tgz",
      "integrity": "sha512-hZXc7K2e+PgeI1eDBe/10Ard4ekbfrrqG8Ep+8Jmf4JID2bNg7NvCPOZN+kfF574pFQI7mum2AUqDidoKqcTOw=="
    },
    "nodemailer": {
      "version": "6.4.10",
      "resolved": "https://registry.npmjs.org/nodemailer/-/nodemailer-6.4.10.tgz",
      "integrity": "sha512-j+pS9CURhPgk6r0ENr7dji+As2xZiHSvZeVnzKniLOw1eRAyM/7flP0u65tCnsapV8JFu+t0l/5VeHsCZEeh9g=="
    },
    "npm-run-path": {
      "version": "2.0.2",
      "resolved": "https://registry.npmjs.org/npm-run-path/-/npm-run-path-2.0.2.tgz",
      "integrity": "sha1-NakjLfo11wZ7TLLd8jV7GHFTbF8=",
      "requires": {
        "path-key": "^2.0.0"
      }
    },
    "object-assign": {
      "version": "4.1.1",
      "resolved": "https://registry.npmjs.org/object-assign/-/object-assign-4.1.1.tgz",
      "integrity": "sha1-IQmtx5ZYh8/AXLvUQsrIv7s2CGM="
    },
    "on-finished": {
      "version": "2.3.0",
      "resolved": "https://registry.npmjs.org/on-finished/-/on-finished-2.3.0.tgz",
      "integrity": "sha1-IPEzZIGwg811M3mSoWlxqi2QaUc=",
      "requires": {
        "ee-first": "1.1.1"
      }
    },
<<<<<<< Updated upstream
<<<<<<< Updated upstream
    "once": {
      "version": "1.4.0",
      "resolved": "https://registry.npmjs.org/once/-/once-1.4.0.tgz",
      "integrity": "sha1-WDsap3WWHUsROsF9nFC6753Xa9E=",
      "requires": {
        "wrappy": "1"
      }
=======
=======
>>>>>>> Stashed changes
    "p-finally": {
      "version": "1.0.0",
      "resolved": "https://registry.npmjs.org/p-finally/-/p-finally-1.0.0.tgz",
      "integrity": "sha1-P7z7FbiZpEEjs0ttzBi3JDNqLK4="
<<<<<<< Updated upstream
>>>>>>> Stashed changes
=======
>>>>>>> Stashed changes
    },
    "parseurl": {
      "version": "1.3.3",
      "resolved": "https://registry.npmjs.org/parseurl/-/parseurl-1.3.3.tgz",
      "integrity": "sha512-CiyeOxFT/JZyN5m0z9PfXw4SCBJ6Sygz1Dpl0wqjlhDEGGBP1GnsUVEL0p63hoG1fcj3fHynXi9NYO4nWOL+qQ=="
    },
    "path-is-absolute": {
      "version": "1.0.1",
      "resolved": "https://registry.npmjs.org/path-is-absolute/-/path-is-absolute-1.0.1.tgz",
      "integrity": "sha1-F0uSaHNVNP+8es5r9TpanhtcX18="
    },
<<<<<<< Updated upstream
<<<<<<< Updated upstream
=======
=======
>>>>>>> Stashed changes
    "path-key": {
      "version": "2.0.1",
      "resolved": "https://registry.npmjs.org/path-key/-/path-key-2.0.1.tgz",
      "integrity": "sha1-QRyttXTFoUDTpLGRDUDYDMn0C0A="
    },
<<<<<<< Updated upstream
>>>>>>> Stashed changes
=======
>>>>>>> Stashed changes
    "path-to-regexp": {
      "version": "0.1.7",
      "resolved": "https://registry.npmjs.org/path-to-regexp/-/path-to-regexp-0.1.7.tgz",
      "integrity": "sha1-32BBeABfUi8V60SQ5yR6G/qmf4w="
    },
    "process-nextick-args": {
      "version": "2.0.1",
      "resolved": "https://registry.npmjs.org/process-nextick-args/-/process-nextick-args-2.0.1.tgz",
      "integrity": "sha512-3ouUOpQhtgrbOa17J7+uxOTpITYWaGP7/AhoR3+A+/1e9skrzelGi/dXzEYyvbxubEF6Wn2ypscTKiKJFFn1ag=="
    },
    "proxy-addr": {
      "version": "2.0.6",
      "resolved": "https://registry.npmjs.org/proxy-addr/-/proxy-addr-2.0.6.tgz",
      "integrity": "sha512-dh/frvCBVmSsDYzw6n926jv974gddhkFPfiN8hPOi30Wax25QZyZEGveluCgliBnqmuM+UJmBErbAUFIoDbjOw==",
      "requires": {
        "forwarded": "~0.1.2",
        "ipaddr.js": "1.9.1"
      }
    },
    "pseudomap": {
      "version": "1.0.2",
      "resolved": "https://registry.npmjs.org/pseudomap/-/pseudomap-1.0.2.tgz",
      "integrity": "sha1-8FKijacOYYkX7wqKw0wa5aaChrM="
    },
    "qs": {
      "version": "6.7.0",
      "resolved": "https://registry.npmjs.org/qs/-/qs-6.7.0.tgz",
      "integrity": "sha512-VCdBRNFTX1fyE7Nb6FYoURo/SPe62QCaAyzJvUjwRaIsc+NePBEniHlvxFmmX56+HZphIGtV0XeCirBtpDrTyQ=="
    },
    "range-parser": {
      "version": "1.2.1",
      "resolved": "https://registry.npmjs.org/range-parser/-/range-parser-1.2.1.tgz",
      "integrity": "sha512-Hrgsx+orqoygnmhFbKaHE6c296J+HTAQXoxEF6gNupROmmGJRoyzfG3ccAveqCBrwr/2yxQ5BVd/GTl5agOwSg=="
    },
    "raw-body": {
      "version": "2.4.0",
      "resolved": "https://registry.npmjs.org/raw-body/-/raw-body-2.4.0.tgz",
      "integrity": "sha512-4Oz8DUIwdvoa5qMJelxipzi/iJIi40O5cGV1wNYp5hvZP8ZN0T+jiNkL0QepXs+EsQ9XJ8ipEDoiH70ySUJP3Q==",
      "requires": {
        "bytes": "3.1.0",
        "http-errors": "1.7.2",
        "iconv-lite": "0.4.24",
        "unpipe": "1.0.0"
      }
    },
    "readable-stream": {
      "version": "2.3.7",
      "resolved": "https://registry.npmjs.org/readable-stream/-/readable-stream-2.3.7.tgz",
      "integrity": "sha512-Ebho8K4jIbHAxnuxi7o42OrZgF/ZTNcsZj6nRKyUmkhLFq8CHItp/fy6hQZuZmP/n3yZ9VBUbp4zz/mX8hmYPw==",
      "requires": {
        "core-util-is": "~1.0.0",
        "inherits": "~2.0.3",
        "isarray": "~1.0.0",
        "process-nextick-args": "~2.0.0",
        "safe-buffer": "~5.1.1",
        "string_decoder": "~1.1.1",
        "util-deprecate": "~1.0.1"
      }
    },
    "safe-buffer": {
      "version": "5.1.2",
      "resolved": "https://registry.npmjs.org/safe-buffer/-/safe-buffer-5.1.2.tgz",
      "integrity": "sha512-Gd2UZBJDkXlY7GbJxfsE8/nvKkUEU1G38c1siN6QP6a9PT9MmHB8GnpscSmMJSoF8LOIrt8ud/wPtojys4G6+g=="
    },
    "safer-buffer": {
      "version": "2.1.2",
      "resolved": "https://registry.npmjs.org/safer-buffer/-/safer-buffer-2.1.2.tgz",
      "integrity": "sha512-YZo3K82SD7Riyi0E1EQPojLz7kpepnSQI9IyPbHHg1XXXevb5dJI7tpyN2ADxGcQbHG7vcyRHk0cbwqcQriUtg=="
    },
    "semver": {
      "version": "5.7.1",
      "resolved": "https://registry.npmjs.org/semver/-/semver-5.7.1.tgz",
      "integrity": "sha512-sauaDf/PZdVgrLTNYHRtpXa1iRiKcaebiKQ1BJdpQlWH2lCvexQdX55snPFyK7QzpudqbCI0qXFfOasHdyNDGQ=="
    },
    "send": {
      "version": "0.17.1",
      "resolved": "https://registry.npmjs.org/send/-/send-0.17.1.tgz",
      "integrity": "sha512-BsVKsiGcQMFwT8UxypobUKyv7irCNRHk1T0G680vk88yf6LBByGcZJOTJCrTP2xVN6yI+XjPJcNuE3V4fT9sAg==",
      "requires": {
        "debug": "2.6.9",
        "depd": "~1.1.2",
        "destroy": "~1.0.4",
        "encodeurl": "~1.0.2",
        "escape-html": "~1.0.3",
        "etag": "~1.8.1",
        "fresh": "0.5.2",
        "http-errors": "~1.7.2",
        "mime": "1.6.0",
        "ms": "2.1.1",
        "on-finished": "~2.3.0",
        "range-parser": "~1.2.1",
        "statuses": "~1.5.0"
      },
      "dependencies": {
        "ms": {
          "version": "2.1.1",
          "resolved": "https://registry.npmjs.org/ms/-/ms-2.1.1.tgz",
          "integrity": "sha512-tgp+dl5cGk28utYktBsrFqA7HKgrhgPsg6Z/EfhWI4gl1Hwq8B/GmY/0oXZ6nF8hDVesS/FpnYaD/kOWhYQvyg=="
        }
      }
    },
    "serve-static": {
      "version": "1.14.1",
      "resolved": "https://registry.npmjs.org/serve-static/-/serve-static-1.14.1.tgz",
      "integrity": "sha512-JMrvUwE54emCYWlTI+hGrGv5I8dEwmco/00EvkzIIsR7MqrHonbD9pO2MOfFnpFntl7ecpZs+3mW+XbQZu9QCg==",
      "requires": {
        "encodeurl": "~1.0.2",
        "escape-html": "~1.0.3",
        "parseurl": "~1.3.3",
        "send": "0.17.1"
      }
    },
    "setprototypeof": {
      "version": "1.1.1",
      "resolved": "https://registry.npmjs.org/setprototypeof/-/setprototypeof-1.1.1.tgz",
      "integrity": "sha512-JvdAWfbXeIGaZ9cILp38HntZSFSo3mWg6xGcJJsd+d4aRMOqauag1C63dJfDw7OaMYwEbHMOxEZ1lqVRYP2OAw=="
    },
<<<<<<< Updated upstream
<<<<<<< Updated upstream
    "sprintf-js": {
      "version": "1.0.3",
      "resolved": "https://registry.npmjs.org/sprintf-js/-/sprintf-js-1.0.3.tgz",
      "integrity": "sha1-BOaSb2YolTVPPdAVIDYzuFcpfiw="
=======
=======
>>>>>>> Stashed changes
    "shebang-command": {
      "version": "1.2.0",
      "resolved": "https://registry.npmjs.org/shebang-command/-/shebang-command-1.2.0.tgz",
      "integrity": "sha1-RKrGW2lbAzmJaMOfNj/uXer98eo=",
      "requires": {
        "shebang-regex": "^1.0.0"
      }
    },
    "shebang-regex": {
      "version": "1.0.0",
      "resolved": "https://registry.npmjs.org/shebang-regex/-/shebang-regex-1.0.0.tgz",
      "integrity": "sha1-2kL0l0DAtC2yypcoVxyxkMmO/qM="
    },
    "signal-exit": {
      "version": "3.0.3",
      "resolved": "https://registry.npmjs.org/signal-exit/-/signal-exit-3.0.3.tgz",
      "integrity": "sha512-VUJ49FC8U1OxwZLxIbTTrDvLnf/6TDgxZcK8wxR8zs13xpx7xbG60ndBlhNrFi2EMuFRoeDoJO7wthSLq42EjA=="
<<<<<<< Updated upstream
>>>>>>> Stashed changes
=======
>>>>>>> Stashed changes
    },
    "sqlstring": {
      "version": "2.3.1",
      "resolved": "https://registry.npmjs.org/sqlstring/-/sqlstring-2.3.1.tgz",
      "integrity": "sha1-R1OT/56RR5rqYtyvDKPRSYOn+0A="
    },
    "statuses": {
      "version": "1.5.0",
      "resolved": "https://registry.npmjs.org/statuses/-/statuses-1.5.0.tgz",
      "integrity": "sha1-Fhx9rBd2Wf2YEfQ3cfqZOBR4Yow="
    },
    "string_decoder": {
      "version": "1.1.1",
      "resolved": "https://registry.npmjs.org/string_decoder/-/string_decoder-1.1.1.tgz",
      "integrity": "sha512-n/ShnvDi6FHbbVfviro+WojiFzv+s8MPMHBczVePfUpDJLwoLT0ht1l4YwBCbi8pJAveEEdnkHyPyTP/mzRfwg==",
      "requires": {
        "safe-buffer": "~5.1.0"
      }
    },
<<<<<<< Updated upstream
<<<<<<< Updated upstream
    "swagger-jsdoc": {
      "version": "5.0.1",
      "resolved": "https://registry.npmjs.org/swagger-jsdoc/-/swagger-jsdoc-5.0.1.tgz",
      "integrity": "sha512-Yxrulj5E2dY9HUHjryckFPG66YTwi8pih80pocNacGAojE8J7eN99Cx7NLQx+8sV2C3cnFVbrYVISCLpgmb6aA==",
      "requires": {
        "commander": "6.2.0",
        "doctrine": "3.0.0",
        "glob": "7.1.6",
        "js-yaml": "3.14.0",
        "swagger-parser": "10.0.2"
      }
    },
    "swagger-parser": {
      "version": "10.0.2",
      "resolved": "https://registry.npmjs.org/swagger-parser/-/swagger-parser-10.0.2.tgz",
      "integrity": "sha512-9jHkHM+QXyLGFLk1DkXBwV+4HyNm0Za3b8/zk/+mjr8jgOSiqm3FOTHBSDsBjtn9scdL+8eWcHdupp2NLM8tDw==",
      "requires": {
        "@apidevtools/swagger-parser": "10.0.2"
      }
    },
    "swagger-ui-dist": {
      "version": "3.36.2",
      "resolved": "https://registry.npmjs.org/swagger-ui-dist/-/swagger-ui-dist-3.36.2.tgz",
      "integrity": "sha512-jbxorhRC/FKk8yMx5zEbg1A1sXc/vsW2vrDTJ3clmaMr9F12zsy161kwnxjVt/vVkMglDOz+BC8ZMY01toxHwA=="
    },
    "swagger-ui-express": {
      "version": "4.1.4",
      "resolved": "https://registry.npmjs.org/swagger-ui-express/-/swagger-ui-express-4.1.4.tgz",
      "integrity": "sha512-Ea96ecpC+Iq9GUqkeD/LFR32xSs8gYqmTW1gXCuKg81c26WV6ZC2FsBSPVExQP6WkyUuz5HEiR0sEv/HCC343g==",
      "requires": {
        "swagger-ui-dist": "^3.18.1"
      }
=======
=======
>>>>>>> Stashed changes
    "strip-eof": {
      "version": "1.0.0",
      "resolved": "https://registry.npmjs.org/strip-eof/-/strip-eof-1.0.0.tgz",
      "integrity": "sha1-u0P/VZim6wXYm1n80SnJgzE2Br8="
<<<<<<< Updated upstream
>>>>>>> Stashed changes
=======
>>>>>>> Stashed changes
    },
    "toidentifier": {
      "version": "1.0.0",
      "resolved": "https://registry.npmjs.org/toidentifier/-/toidentifier-1.0.0.tgz",
      "integrity": "sha512-yaOH/Pk/VEhBWWTlhI+qXxDFXlejDGcQipMlyxda9nthulaxLZUNcUqFxokp0vcYnvteJln5FNQDRrxj3YcbVw=="
    },
    "type-is": {
      "version": "1.6.18",
      "resolved": "https://registry.npmjs.org/type-is/-/type-is-1.6.18.tgz",
      "integrity": "sha512-TkRKr9sUTxEH8MdfuCSP7VizJyzRNMjj2J2do2Jr3Kym598JVdEksuzPQCnlFPW4ky9Q+iA+ma9BGm06XQBy8g==",
      "requires": {
        "media-typer": "0.3.0",
        "mime-types": "~2.1.24"
      }
    },
    "unpipe": {
      "version": "1.0.0",
      "resolved": "https://registry.npmjs.org/unpipe/-/unpipe-1.0.0.tgz",
      "integrity": "sha1-sr9O6FFKrmFltIF4KdIbLvSZBOw="
    },
    "util-deprecate": {
      "version": "1.0.2",
      "resolved": "https://registry.npmjs.org/util-deprecate/-/util-deprecate-1.0.2.tgz",
      "integrity": "sha1-RQ1Nyfpw3nMnYvvS1KKJgUGaDM8="
    },
    "utils-merge": {
      "version": "1.0.1",
      "resolved": "https://registry.npmjs.org/utils-merge/-/utils-merge-1.0.1.tgz",
      "integrity": "sha1-n5VxD1CiZ5R7LMwSR0HBAoQn5xM="
    },
    "validator": {
      "version": "12.2.0",
      "resolved": "https://registry.npmjs.org/validator/-/validator-12.2.0.tgz",
      "integrity": "sha512-jJfE/DW6tIK1Ek8nCfNFqt8Wb3nzMoAbocBF6/Icgg1ZFSBpObdnwVY2jQj6qUqzhx5jc71fpvBWyLGO7Xl+nQ=="
    },
    "vary": {
      "version": "1.1.2",
      "resolved": "https://registry.npmjs.org/vary/-/vary-1.1.2.tgz",
      "integrity": "sha1-IpnwLG3tMNSllhsLn3RSShj2NPw="
    },
<<<<<<< Updated upstream
<<<<<<< Updated upstream
    "wrappy": {
      "version": "1.0.2",
      "resolved": "https://registry.npmjs.org/wrappy/-/wrappy-1.0.2.tgz",
      "integrity": "sha1-tSQ9jz7BqjXxNkYFvA0QNuMKtp8="
    },
    "z-schema": {
      "version": "4.2.3",
      "resolved": "https://registry.npmjs.org/z-schema/-/z-schema-4.2.3.tgz",
      "integrity": "sha512-zkvK/9TC6p38IwcrbnT3ul9in1UX4cm1y/VZSs4GHKIiDCrlafc+YQBgQBUdDXLAoZHf2qvQ7gJJOo6yT1LH6A==",
      "requires": {
        "commander": "^2.7.1",
        "lodash.get": "^4.4.2",
        "lodash.isequal": "^4.5.0",
        "validator": "^12.0.0"
      },
      "dependencies": {
        "commander": {
          "version": "2.20.3",
          "resolved": "https://registry.npmjs.org/commander/-/commander-2.20.3.tgz",
          "integrity": "sha512-GpVkmM8vF2vQUkj2LvZmD35JxeJOLCwJ9cUkugyk2nuhbv3+mJvpLYYt+0+USMxE+oj+ey/lJEnhZw75x/OMcQ==",
          "optional": true
        }
      }
=======
=======
>>>>>>> Stashed changes
    "which": {
      "version": "1.3.1",
      "resolved": "https://registry.npmjs.org/which/-/which-1.3.1.tgz",
      "integrity": "sha512-HxJdYWq1MTIQbJ3nw0cqssHoTNU267KlrDuGZ1WYlxDStUtKUhOaJmh112/TZmHxxUfuJqPXSOm7tDyas0OSIQ==",
      "requires": {
        "isexe": "^2.0.0"
      }
    },
    "yallist": {
      "version": "2.1.2",
      "resolved": "https://registry.npmjs.org/yallist/-/yallist-2.1.2.tgz",
      "integrity": "sha1-HBH5IY8HYImkfdUS+TxmmaaoHVI="
<<<<<<< Updated upstream
>>>>>>> Stashed changes
=======
>>>>>>> Stashed changes
    }
  }
}
